haplotype_number,rsID,start,protein,NC,NG,gene,haplotype
*1,rs114071557,1A>G,p.M1V,g.94938683A>G,g.5526A>G,CYP2C9,CYP2C9*1
*1,,37T>G,p.C13G,g.94938719T>G,g.5562T>G,CYP2C9,CYP2C9*1
*1,rs67807361,55C>A,p.L19I,g.94938737C>A,g.5580C>A,CYP2C9,CYP2C9*1
*1,rs142240658,89C>T,p.P30L,g.94938771C>T,g.5614C>T,CYP2C9,CYP2C9*1
*1,,106C>T,p.L36F,g.94938788C>T,g.5631C>T,CYP2C9,CYP2C9*1
*1,rs1364419386,118G>A,p.G40R,g.94938800G>A,g.5643G>A,CYP2C9,CYP2C9*1
*1,rs2031308986,121A>G,p.N41D,g.94938803A>G,g.5646A>G,CYP2C9,CYP2C9*1
*1,rs564813580,146A>G,p.D49G,g.94938828A>G,g.5671A>G,CYP2C9,CYP2C9*1
*1,rs371055887,3215G>C,p.G70R,g.94941897G>C,g.8740G>C,CYP2C9,CYP2C9*1
*1,,3233G>A,p.V76M,g.94941915G>A,g.8758G>A,CYP2C9,CYP2C9*1
*1,rs72558187,3276T>C,p.L90P,g.94941958T>C,g.8801T>C,CYP2C9,CYP2C9*1
*1,,3293G>A,p.G96R,g.94941975G>A,g.8818G>A,CYP2C9,CYP2C9*1
*1,,3294G>C,p.G96A,g.94941976G>C,g.8819G>C,CYP2C9,CYP2C9*1
*1,rs762239445,3300G>T,p.G98V,g.94941982G>T,g.8825G>T,CYP2C9,CYP2C9*1
*1,,3336T>C,p.F110S,g.94942018T>C,g.8861T>C,CYP2C9,CYP2C9*1
*1,rs1304490498,3531delAGAAATGGAA,p.K118fs,g.94942213_94942222del,g.9056_9065del,CYP2C9,CYP2C9*1
*1,rs774607211,3534A>G,p.K119R,g.94942216A>G,g.9059A>G,CYP2C9,CYP2C9*1
*1,rs767576260,3548C>T,p.R124W,g.94942230C>T,g.9073C>T,CYP2C9,CYP2C9*1
*1,rs12414460,3549G>A,p.R124Q,g.94942231G>A,g.9074G>A,CYP2C9,CYP2C9*1
*1,rs375805362,3551C>T,p.R125C,g.94942233C>T,g.9076C>T,CYP2C9,CYP2C9*1
*1,rs72558189,3552G>A; 3552G>T,p.R125H; p.R125L,g.94942234G>A; g.94942234G>T,g.9077G>A; g.9077G>T,CYP2C9,CYP2C9*1
*1,rs1375956433,3561T>G,p.L128R,g.94942243T>G,g.9086T>G,CYP2C9,CYP2C9*1
*1,rs200965026,3567C>G; 3567C>T,p.T130R; p.T130M,g.94942249C>G; g.94942249C>T,g.9092C>G; g.9092C>T,CYP2C9,CYP2C9*1
*1,rs199523631,3572C>T,p.R132W,g.94942254C>T,g.9097C>T,CYP2C9,CYP2C9*1
*1,rs200183364,3573G>A,p.R132Q,g.94942255G>A,g.9098G>A,CYP2C9,CYP2C9*1
*1,rs1799853,3608C>T,p.R144C,g.94942290C>T,g.9133C>T,CYP2C9,CYP2C9*1
*1,rs141489852,3609G>A,p.R144H,g.94942291G>A,g.9134G>A,CYP2C9,CYP2C9*1
*1,rs754487195,3623G>A,p.A149T,g.94942305G>A,g.9148G>A,CYP2C9,CYP2C9*1
*1,rs1289704600,3624C>T,p.A149V,g.94942306C>T,g.9149C>T,CYP2C9,CYP2C9*1
*1,rs17847037,3626C>T,p.R150C,g.94942308C>T,g.9151C>T,CYP2C9,CYP2C9*1
*1,rs7900194,3627G>A; 3627G>T,p.R150H; p.R150L,g.94942309G>A; g.94942309G>T,g.9152G>A; g.9152G>T,CYP2C9,CYP2C9*1
*1,rs72558190,9100C>A,p.S162X,g.94947782C>A,g.14625C>A,CYP2C9,CYP2C9*1
*1,rs774550549,9103C>T,p.P163L,g.94947785C>T,g.14628C>T,CYP2C9,CYP2C9*1
*1,,9187A>G,p.D191G,g.94947869A>G,g.14712A>G,CYP2C9,CYP2C9*1
*1,,9225A>C,p.N204H,g.94947907A>C,g.14750A>C,CYP2C9,CYP2C9*1
*1,rs1326630788,9235T>C,p.I207T,g.94947917T>C,g.14760T>C,CYP2C9,CYP2C9*1
*1,rs2031531005,9256A>T,p.Q214L,g.94947938A>T,g.14781A>T,CYP2C9,CYP2C9*1
*1,rs370100007,9257G>T,p.Q214H,g.94947939G>T,g.14782G>T,CYP2C9,CYP2C9*1
*1,,10447A>G,p.I222V,g.94949129A>G,g.15972A>G,CYP2C9,CYP2C9*1
*1,,10462C>T,p.P227S,g.94949144C>T,g.15987C>T,CYP2C9,CYP2C9*1
*1,rs772782449,10463C>T,p.P227L,g.94949145C>T,g.15988C>T,CYP2C9,CYP2C9*1
*1,,10481delT,p.L233fs,g.94949163del,g.16006del,CYP2C9,CYP2C9*1
*1,rs2256871,10535A>G,p.H251R,g.94949217A>G,g.16060A>G,CYP2C9,CYP2C9*1
*1,rs9332130,10598A>G,p.E272G,g.94949280A>G,g.16123A>G,CYP2C9,CYP2C9*1
*1,rs9332131,10601delA,p.K273fs,g.94949283del,g.16126del,CYP2C9,CYP2C9*1
*1,rs182132442,33437C>A,p.P279T,g.94972119C>A,g.38962C>A,CYP2C9,CYP2C9*1
*1,,33441C>G,p.S280C,g.94972123C>G,g.38966C>G,CYP2C9,CYP2C9*1
*1,,33452A>G,p.I284V,g.94972134A>G,g.38977A>G,CYP2C9,CYP2C9*1
*1,rs72558192,33497A>G,p.T299A,g.94972179A>G,g.39022A>G,CYP2C9,CYP2C9*1
*1,rs988617574,33498C>G,p.T299R,g.94972180C>G,g.39023C>G,CYP2C9,CYP2C9*1
*1,,33501A>T,p.E300V,g.94972183A>T,g.39026A>T,CYP2C9,CYP2C9*1
*1,rs1237225311,33551C>T,p.P317S,g.94972233C>T,g.39076C>T,CYP2C9,CYP2C9*1
*1,,42517G>T,p.E326D,g.94981199G>T,g.48042G>T,CYP2C9,CYP2C9*1
*1,rs57505750,42519T>C,p.I327T,g.94981201T>C,g.48044T>C,CYP2C9,CYP2C9*1
*1,rs28371685,42542C>T,p.R335W,g.94981224C>T,g.48067C>T,CYP2C9,CYP2C9*1
*1,rs367826293,42543G>A,p.R335Q,g.94981225G>A,g.48068G>A,CYP2C9,CYP2C9*1
*1,rs1274535931,42548C>A,p.P337T,g.94981230C>A,g.48073C>A,CYP2C9,CYP2C9*1
*1,rs750820937,42568C>A,p.S343R,g.94981250C>A,g.48093C>A,CYP2C9,CYP2C9*1
*1,rs1297714792,42576C>T,p.P346L,g.94981258C>T,g.48101C>T,CYP2C9,CYP2C9*1
*1,rs749060448,42599G>A,p.E354K,g.94981281G>A,g.48124G>A,CYP2C9,CYP2C9*1
*1,rs1057910,42614A>C,p.I359L,g.94981296A>C,g.48139A>C,CYP2C9,CYP2C9*1
*1,rs56165452,42615T>C,p.I359T,g.94981297T>C,g.48140T>C,CYP2C9,CYP2C9*1
*1,rs28371686,42619C>G,p.D360E,g.94981301C>G,g.48144C>G,CYP2C9,CYP2C9*1
*1,rs1250577724,42620C>A,p.L361I,g.94981302C>A,g.48145C>A,CYP2C9,CYP2C9*1
*1,rs578144976,42623C>G,p.L362V,g.94981305C>G,g.48148C>G,CYP2C9,CYP2C9*1
*1,,42683C>T,p.P382S,g.94981365C>T,g.48208C>T,CYP2C9,CYP2C9*1
*1,rs542577750,42689G>A,splicing defect,g.94981371G>A,g.48214G>A,CYP2C9,CYP2C9*1
*1,rs764211126,47360A>G,p.I387V,g.94986042A>G,g.52885A>G,CYP2C9,CYP2C9*1
*1,rs72558193,47391A>C,p.D397A,g.94986073A>C,g.52916A>C,CYP2C9,CYP2C9*1
*1,rs1254213342,47454A>C,p.N418T,g.94986136A>C,g.52979A>C,CYP2C9,CYP2C9*1
*1,rs1441296358,47492G>C,p.G431R,g.94986174G>C,g.53017G>C,CYP2C9,CYP2C9*1
*1,rs776908257,50170C>T,p.R433W,g.94988852C>T,g.55695C>T,CYP2C9,CYP2C9*1
*1,,50173A>T,p.I434F,g.94988855A>T,g.55698A>T,CYP2C9,CYP2C9*1
*1,,50198G>T,p.G442V,g.94988880G>T,g.55723G>T,CYP2C9,CYP2C9*1
*1,rs769942899,50235G>C,p.Q454H,g.94988917G>C,g.55760G>C,CYP2C9,CYP2C9*1
*1,rs202201137,50243A>G,p.N457S,g.94988925A>G,g.55768A>G,CYP2C9,CYP2C9*1
*1,rs767284820,50273T>C,p.L467P,g.94988955T>C,g.55798T>C,CYP2C9,CYP2C9*1
*1,rs781583846,50302G>A,p.A477T,g.94988984G>A,g.55827G>A,CYP2C9,CYP2C9*1
*1,rs9332239,50338C>T,p.P489S,g.94989020C>T,g.55863C>T,CYP2C9,CYP2C9*1
*1,rs868182778,50341G>T,p.V490F,g.94989023G>T,g.55866G>T,CYP2C9,CYP2C9*1
*2,rs1799853,3608C>T,p.R144C,g.94942290C>T,g.9133C>T,CYP2C9,CYP2C9*2
*3,rs1057910,42614A>C,p.I359L,g.94981296A>C,g.48139A>C,CYP2C9,CYP2C9*3
*4,rs56165452,42615T>C,p.I359T,g.94981297T>C,g.48140T>C,CYP2C9,CYP2C9*4
*5,rs28371686,42619C>G,p.D360E,g.94981301C>G,g.48144C>G,CYP2C9,CYP2C9*5
*6,rs9332131,10601delA,p.K273fs,g.94949283del,g.16126del,CYP2C9,CYP2C9*6
*7,rs67807361,55C>A,p.L19I,g.94938737C>A,g.5580C>A,CYP2C9,CYP2C9*7
*8,rs7900194,3627G>A; 3627G>T,p.R150H; p.R150L,g.94942309G>A; g.94942309G>T,g.9152G>A; g.9152G>T,CYP2C9,CYP2C9*8
*9,rs2256871,10535A>G,p.H251R,g.94949217A>G,g.16060A>G,CYP2C9,CYP2C9*9
*10,rs9332130,10598A>G,p.E272G,g.94949280A>G,g.16123A>G,CYP2C9,CYP2C9*10
*11,rs28371685,42542C>T,p.R335W,g.94981224C>T,g.48067C>T,CYP2C9,CYP2C9*11
*12,rs9332239,50338C>T,p.P489S,g.94989020C>T,g.55863C>T,CYP2C9,CYP2C9*12
*13,rs72558187,3276T>C,p.L90P,g.94941958T>C,g.8801T>C,CYP2C9,CYP2C9*13
*14,rs72558189,3552G>A; 3552G>T,p.R125H; p.R125L,g.94942234G>A; g.94942234G>T,g.9077G>A; g.9077G>T,CYP2C9,CYP2C9*14
*15,rs72558190,9100C>A,p.S162X,g.94947782C>A,g.14625C>A,CYP2C9,CYP2C9*15
*16,rs72558192,33497A>G,p.T299A,g.94972179A>G,g.39022A>G,CYP2C9,CYP2C9*16
*17,,42683C>T,p.P382S,g.94981365C>T,g.48208C>T,CYP2C9,CYP2C9*17
*18,rs1057910,42614A>C,p.I359L,g.94981296A>C,g.48139A>C,CYP2C9,CYP2C9*18
*18,rs72558193,47391A>C,p.D397A,g.94986073A>C,g.52916A>C,CYP2C9,CYP2C9*18
*19,rs769942899,50235G>C,p.Q454H,g.94988917G>C,g.55760G>C,CYP2C9,CYP2C9*19
*20,rs371055887,3215G>C,p.G70R,g.94941897G>C,g.8740G>C,CYP2C9,CYP2C9*20
*21,rs142240658,89C>T,p.P30L,g.94938771C>T,g.5614C>T,CYP2C9,CYP2C9*21
*22,rs2031308986,121A>G,p.N41D,g.94938803A>G,g.5646A>G,CYP2C9,CYP2C9*22
*23,,3233G>A,p.V76M,g.94941915G>A,g.8758G>A,CYP2C9,CYP2C9*23
*24,rs749060448,42599G>A,p.E354K,g.94981281G>A,g.48124G>A,CYP2C9,CYP2C9*24
*25,rs1304490498,3531delAGAAATGGAA,p.K118fs,g.94942213_94942222del,g.9056_9065del,CYP2C9,CYP2C9*25
*26,rs200965026,3567C>G; 3567C>T,p.T130R; p.T130M,g.94942249C>G; g.94942249C>T,g.9092C>G; g.9092C>T,CYP2C9,CYP2C9*26
*27,rs7900194,3627G>A; 3627G>T,p.R150H; p.R150L,g.94942309G>A; g.94942309G>T,g.9152G>A; g.9152G>T,CYP2C9,CYP2C9*27
*28,rs2031531005,9256A>T,p.Q214L,g.94947938A>T,g.14781A>T,CYP2C9,CYP2C9*28
*29,rs182132442,33437C>A,p.P279T,g.94972119C>A,g.38962C>A,CYP2C9,CYP2C9*29
*30,rs781583846,50302G>A,p.A477T,g.94988984G>A,g.55827G>A,CYP2C9,CYP2C9*30
*31,rs57505750,42519T>C,p.I327T,g.94981201T>C,g.48044T>C,CYP2C9,CYP2C9*31
*32,rs868182778,50341G>T,p.V490F,g.94989023G>T,g.55866G>T,CYP2C9,CYP2C9*32
*33,rs200183364,3573G>A,p.R132Q,g.94942255G>A,g.9098G>A,CYP2C9,CYP2C9*33
*34,rs367826293,42543G>A,p.R335Q,g.94981225G>A,g.48068G>A,CYP2C9,CYP2C9*34
*35,rs72558189,3552G>A; 3552G>T,p.R125H; p.R125L,g.94942234G>A; g.94942234G>T,g.9077G>A; g.9077G>T,CYP2C9,CYP2C9*35
*35,rs1799853,3608C>T,p.R144C,g.94942290C>T,g.9133C>T,CYP2C9,CYP2C9*35
*36,rs114071557,1A>G,p.M1V,g.94938683A>G,g.5526A>G,CYP2C9,CYP2C9*36
*37,rs564813580,146A>G,p.D49G,g.94938828A>G,g.5671A>G,CYP2C9,CYP2C9*37
*38,,3294G>C,p.G96A,g.94941976G>C,g.8819G>C,CYP2C9,CYP2C9*38
*39,rs762239445,3300G>T,p.G98V,g.94941982G>T,g.8825G>T,CYP2C9,CYP2C9*39
*40,,3336T>C,p.F110S,g.94942018T>C,g.8861T>C,CYP2C9,CYP2C9*40
*41,rs774607211,3534A>G,p.K119R,g.94942216A>G,g.9059A>G,CYP2C9,CYP2C9*41
*42,rs12414460,3549G>A,p.R124Q,g.94942231G>A,g.9074G>A,CYP2C9,CYP2C9*42
*43,rs767576260,3548C>T,p.R124W,g.94942230C>T,g.9073C>T,CYP2C9,CYP2C9*43
*44,rs200965026,3567C>G; 3567C>T,p.T130R; p.T130M,g.94942249C>G; g.94942249C>T,g.9092C>G; g.9092C>T,CYP2C9,CYP2C9*44
*45,rs199523631,3572C>T,p.R132W,g.94942254C>T,g.9097C>T,CYP2C9,CYP2C9*45
*46,rs754487195,3623G>A,p.A149T,g.94942305G>A,g.9148G>A,CYP2C9,CYP2C9*46
*47,rs774550549,9103C>T,p.P163L,g.94947785C>T,g.14628C>T,CYP2C9,CYP2C9*47
*48,rs1326630788,9235T>C,p.I207T,g.94947917T>C,g.14760T>C,CYP2C9,CYP2C9*48
*49,,10447A>G,p.I222V,g.94949129A>G,g.15972A>G,CYP2C9,CYP2C9*49
*50,,10462C>T,p.P227S,g.94949144C>T,g.15987C>T,CYP2C9,CYP2C9*50
*51,,33452A>G,p.I284V,g.94972134A>G,g.38977A>G,CYP2C9,CYP2C9*51
*52,rs988617574,33498C>G,p.T299R,g.94972180C>G,g.39023C>G,CYP2C9,CYP2C9*52
*53,rs1237225311,33551C>T,p.P317S,g.94972233C>T,g.39076C>T,CYP2C9,CYP2C9*53
*54,rs750820937,42568C>A,p.S343R,g.94981250C>A,g.48093C>A,CYP2C9,CYP2C9*54
*55,rs1250577724,42620C>A,p.L361I,g.94981302C>A,g.48145C>A,CYP2C9,CYP2C9*55
*56,rs764211126,47360A>G,p.I387V,g.94986042A>G,g.52885A>G,CYP2C9,CYP2C9*56
*57,,9225A>C,p.N204H,g.94947907A>C,g.14750A>C,CYP2C9,CYP2C9*57
*58,rs1274535931,42548C>A,p.P337T,g.94981230C>A,g.48073C>A,CYP2C9,CYP2C9*58
*59,,50173A>T,p.I434F,g.94988855A>T,g.55698A>T,CYP2C9,CYP2C9*59
*60,rs767284820,50273T>C,p.L467P,g.94988955T>C,g.55798T>C,CYP2C9,CYP2C9*60
*61,rs1799853,3608C>T,p.R144C,g.94942290C>T,g.9133C>T,CYP2C9,CYP2C9*61
*61,rs202201137,50243A>G,p.N457S,g.94988925A>G,g.55768A>G,CYP2C9,CYP2C9*61
*62,rs375805362,3551C>T,p.R125C,g.94942233C>T,g.9076C>T,CYP2C9,CYP2C9*62
*63,rs141489852,3609G>A,p.R144H,g.94942291G>A,g.9134G>A,CYP2C9,CYP2C9*63
*64,,33441C>G,p.S280C,g.94972123C>G,g.38966C>G,CYP2C9,CYP2C9*64
*65,,42517G>T,p.E326D,g.94981199G>T,g.48042G>T,CYP2C9,CYP2C9*65
*66,rs578144976,42623C>G,p.L362V,g.94981305C>G,g.48148C>G,CYP2C9,CYP2C9*66
*67,rs776908257,50170C>T,p.R433W,g.94988852C>T,g.55695C>T,CYP2C9,CYP2C9*67
*68,rs1057910,42614A>C,p.I359L,g.94981296A>C,g.48139A>C,CYP2C9,CYP2C9*68
*68,rs542577750,42689G>A,splicing defect,g.94981371G>A,g.48214G>A,CYP2C9,CYP2C9*68
*69,,9187A>G,p.D191G,g.94947869A>G,g.14712A>G,CYP2C9,CYP2C9*69
*70,,50198G>T,p.G442V,g.94988880G>T,g.55723G>T,CYP2C9,CYP2C9*70
*71,rs9332130,10598A>G,p.E272G,g.94949280A>G,g.16123A>G,CYP2C9,CYP2C9*71
*71,rs9332239,50338C>T,p.P489S,g.94989020C>T,g.55863C>T,CYP2C9,CYP2C9*71
*72,rs1289704600,3624C>T,p.A149V,g.94942306C>T,g.9149C>T,CYP2C9,CYP2C9*72
*73,rs17847037,3626C>T,p.R150C,g.94942308C>T,g.9151C>T,CYP2C9,CYP2C9*73
*74,rs370100007,9257G>T,p.Q214H,g.94947939G>T,g.14782G>T,CYP2C9,CYP2C9*74
*75,rs1254213342,47454A>C,p.N418T,g.94986136A>C,g.52979A>C,CYP2C9,CYP2C9*75
*76,rs1364419386,118G>A,p.G40R,g.94938800G>A,g.5643G>A,CYP2C9,CYP2C9*76
*77,,3293G>A,p.G96R,g.94941975G>A,g.8818G>A,CYP2C9,CYP2C9*77
*78,rs1375956433,3561T>G,p.L128R,g.94942243T>G,g.9086T>G,CYP2C9,CYP2C9*78
*79,rs1297714792,42576C>T,p.P346L,g.94981258C>T,g.48101C>T,CYP2C9,CYP2C9*79
*80,,37T>G,p.C13G,g.94938719T>G,g.5562T>G,CYP2C9,CYP2C9*80
*81,,33501A>T,p.E300V,g.94972183A>T,g.39026A>T,CYP2C9,CYP2C9*81
*82,rs772782449,10463C>T,p.P227L,g.94949145C>T,g.15988C>T,CYP2C9,CYP2C9*82
*83,,106C>T,p.L36F,g.94938788C>T,g.5631C>T,CYP2C9,CYP2C9*83
*84,rs1441296358,47492G>C,p.G431R,g.94986174G>C,g.53017G>C,CYP2C9,CYP2C9*84
*85,,10481delT,p.L233fs,g.94949163del,g.16006del,CYP2C9,CYP2C9*85
