hid,haplotype,gid
PA165819268,TPMT*1,PA356
PA165816542,CYP2C9*1,PA133787052
PA165816543,CYP2C9*2,PA133787052
PA165816544,CYP2C9*3,PA133787052
PA165816546,CYP2C9*5,PA133787052
PA165816547,CYP2C9*6,PA133787052
PA165816549,CYP2C9*8,PA133787052
PA165816552,CYP2C9*11,PA133787052
PA165819277,TPMT*7,PA356
PA166048678,GSTT1 null,PA183
PA165819276,TPMT*6,PA356
PA165819229,CYP3A4*11,PA130
PA165948092,CYP2D6*5,PA128
PA165818808,CYP2B6*18,PA123
PA165958684,CYP2C8*2,PA125
PA165819275,TPMT*5,PA356
PA166128219,CYP3A5*3,PA130
PA166128219,CYP3A5*3,PA131
PA165816542,CYP2C9*1,PA126
PA165816543,CYP2C9*2,PA126
PA165816544,CYP2C9*3,PA126
PA165816546,CYP2C9*5,PA126
PA165816547,CYP2C9*6,PA126
PA165816549,CYP2C9*8,PA126
PA165816552,CYP2C9*11,PA126
PA165819255,SLCO1B1*5,PA126
PA165819265,SLCO1B1*15,PA126
PA165954769,HLA-B*15:02:01,PA126
PA165819271,TPMT*3B,PA356
PA165819176,CYP1A2*1F,PA27093
PA165924724,CYP2A6*4D,PA121
PA165954787,HLA-B*15:11:01,PA35056
PA165819255,SLCO1B1*5,PA390
PA165819265,SLCO1B1*15,PA390
PA165819175,CYP1A2*1E,PA27093
PA165956579,HLA-B*57:03:01,PA35056
PA165819285,TPMT*15,PA356
PA165816583,CYP2D6*17,PA128
PA165816577,CYP2D6*2,PA128
PA165948033,CYP2E1*1B,PA129
PA165819172,CYP1A2*1B,PA27093
PA166128234,CYP3A5*7,PA131
PA165819269,TPMT*2,PA134963132
PA165819269,TPMT*2,PA356
PA165951292,HLA-DQA1*02:01,PA35066
PA165951644,HLA-DRB1*07:01:01:01,PA35066
PA165816576,CYP2D6*1,PA128
PA165819228,CYP3A4*10,PA130
PA166117639,UGT1A7*3,PA420
PA166123427,HLA-A*02:01,PA27006
PA165819280,TPMT*10,PA356
PA165924717,CYP2A6*1X2A,PA121
PA165819287,TPMT*17,PA356
PA165924731,CYP2A6*7,PA121
PA165948032,CYP2E1*1A,PA129
PA165948039,CYP2E1*5A,PA129
PA165948040,CYP2E1*5B,PA129
PA165948041,CYP2E1*6,PA129
PA165980634,CYP2C19*1,PA124
PA165948318,CYP2D6*29,PA128
PA165819179,CYP1A2*1K,PA27093
PA165924749,CYP2A6*20,PA121
PA165819208,CYP3A4*1G,PA130
PA165818757,CYP2B6*4,PA123
PA165819178,CYP1A2*1J,PA27093
PA166171120,"DPYD c.1129-5923C>G, c.1236G>A (HapB3)",PA145
PA165819201,CYP3A4*1,PA130
PA165819208,CYP3A4*36,PA130
PA165819220,CYP3A4*2,PA130
PA165819221,CYP3A4*3,PA130
PA165819222,CYP3A4*4,PA130
PA165819223,CYP3A4*5,PA130
PA165819224,CYP3A4*6,PA130
PA165819225,CYP3A4*7,PA130
PA165819226,CYP3A4*8,PA130
PA165819227,CYP3A4*9,PA130
PA165819230,CYP3A4*12,PA130
PA165819231,CYP3A4*13,PA130
PA165819232,CYP3A4*14,PA130
PA165819236,CYP3A4*16,PA130
PA165819239,CYP3A4*17,PA130
PA165819240,CYP3A4*18,PA130
PA165819243,CYP3A4*19,PA130
PA165819244,CYP3A4*20,PA130
PA166048680,CYP3A4*22,PA130
PA166245583,CYP3A4*26,PA130
PA165819174,CYP1A2*1D,PA27093
PA165955118,HLA-B*27:05:02,PA35056
PA166117638,UGT1A7*2,PA420
PA165980635,CYP2C19*2,PA124
PA165980635,CYP2C19*2,PA37189
PA165860687,CYP4F2*3,PA27121
PA165816543,CYP2C9*2,PA35056
PA165816544,CYP2C9*3,PA35056
PA165954030,HLA-A*31:01:02,PA35056
PA165954643,HLA-B*13:01:01,PA35056
PA165954769,HLA-B*15:02:01,PA35056
PA165955111,HLA-B*27:01,PA35056
PA165955112,HLA-B*27:02:01,PA35056
PA165955115,HLA-B*27:04:01,PA35056
PA165955135,HLA-B*27:07:01,PA35056
PA165955262,HLA-B*35:05:01,PA35056
PA165956565,HLA-B*57:01:01,PA35056
PA165956674,HLA-B*59:01:01:01,PA35056
PA165987830,HLA-B*57:01,PA35056
PA165987831,HLA-B*58:01,PA35056
PA166115842,UGT1A1*28,PA35056
PA165816524,CYP2C19*8,PA124
PA165818750,CYP2B6*1,PA123
PA165818760,CYP2B6*5,PA123
PA165818762,CYP2B6*6,PA123
PA165818765,CYP2B6*7,PA123
PA165971569,CYP2D6*18,PA123
PA165988094,CYP1A2*1L,PA27093
PA166171119,DPYD c.2846A>T,PA145
PA165816578,CYP2D6*3,PA128
PA165816579,CYP2D6*4,PA128
PA165816581,CYP2D6*6,PA128
PA165816582,CYP2D6*10,PA128
PA165816584,CYP2D6*41,PA128
PA165948317,CYP2D6*9,PA128
PA165988104,CYP1A2*1W,PA27093
PA165816533,CYP2C19*17,PA124
PA165924719,CYP2A6*2,PA121
PA165954769,HLA-B*15:02:01,PA124
PA165954769,HLA-B*15:02:01,PA35055
PA166115858,UGT1A1*6,PA420
PA165951292,HLA-DQA1*02:01,PA35072
PA165951644,HLA-DRB1*07:01:01:01,PA35072
PA165816543,CYP2C9*2,PA157
PA165816544,CYP2C9*3,PA157
PA166048680,CYP3A4*22,PA131
PA165980915,CYP2A6*12,PA121
PA165816543,CYP2C9*2,PA159
PA165816544,CYP2C9*3,PA159
PA165819281,TPMT*11,PA356
PA165819272,TPMT*3C,PA134963132
PA165819272,TPMT*3C,PA356
PA165816542,CYP2C9*1,PA33799
PA165816542,CYP2C9*1,PA33809
PA165949098,NAT2*4,PA18
PA165816549,CYP2C9*8,PA27121
PA166123427,HLA-A*02:01,PA35055
PA165816522,CYP2C19*6,PA124
PA165816523,CYP2C19*7,PA124
PA165816543,CYP2C9*2,PA124
PA165816544,CYP2C9*3,PA124
PA165980636,CYP2C19*3,PA124
PA165980637,CYP2C19*4,PA124
PA165980638,CYP2C19*5,PA124
PA165819173,CYP1A2*1C,PA27093
PA165924735,CYP2A6*10,PA121
PA166128213,CYP3A5*1,PA131
PA166115843,UGT1A1*36,PA420
PA165819270,TPMT*3A,PA134963132
PA165819270,TPMT*3A,PA356
PA165816543,CYP2C9*2,PA33799
PA165816544,CYP2C9*3,PA33799
PA165958686,CYP2C8*4,PA125
PA165980636,CYP2C19*3,PA37189
PA165958685,CYP2C8*3,PA125
PA165816547,CYP2C9*6,PA27121
PA165924691,CYP2A6*1B1,PA121
PA165819181,CYP1A2*3,PA27093
PA166171117,DPYD c.1905+1G>A (*2A),PA145
PA166171118,DPYD c.1679T>G (*13),PA145
PA165947827,G6PD A- 202A_376G,PA28469
PA165819283,TPMT*13,PA356
PA165956565,HLA-B*57:01:01,PA420
PA165954030,HLA-A*31:01:02,PA35055
PA166128233,CYP3A5*6,PA131
PA165816543,CYP2C9*2,PA27121
PA165816544,CYP2C9*3,PA27121
PA165816546,CYP2C9*5,PA27121
PA165816552,CYP2C9*11,PA27121
PA165819282,TPMT*12,PA356
PA166115841,UGT1A1*1,PA420
PA166115842,UGT1A1*28,PA420
PA166115844,UGT1A1*37,PA420
PA166115850,UGT1A1*80,PA420
PA166117630,UGT1A6*5,PA420
PA166117640,UGT1A7*4,PA420
PA166220483,UGT1A1*80+*28,PA420
PA165819274,TPMT*4,PA356
PA165816543,CYP2C9*2,PA134865839
PA165816544,CYP2C9*3,PA134865839
PA165819255,SLCO1B1*5,PA134865839
PA165819265,SLCO1B1*15,PA134865839
PA165981641,SLCO1B1*1,PA134865839
PA166115842,UGT1A1*28,PA134865839
PA165816543,CYP2C9*2,PA33809
PA165816543,CYP2C9*2,PA35026
PA165819278,TPMT*8,PA356
PA165819286,TPMT*16,PA356
PA165924744,CYP2A6*17,PA121
PA165980914,CYP2A6*9,PA121
PA165816544,CYP2C9*3,PA33809
PA165819184,CYP1A2*7,PA27093
PA165816544,CYP2C9*3,PA35026
PA165819183,CYP1A2*6,PA27093
PA165819279,TPMT*9,PA356
PA165819284,TPMT*14,PA356
PA165819288,TPMT*18,PA356
PA165819171,CYP1A2*1A,PA27093
PA165819182,CYP1A2*4,PA27093
PA165988103,CYP1A2*1V,PA27093
